{"cameraMode":{"drawMode":0,"name":"Shaded","section":"Shading Mode"},"sceneLighting":true,"audioPlay":false,"sceneViewState":{"showFog":true,"showMaterialUpdate":false,"showSkybox":true,"showFlares":true,"showImageEffects":true,"showParticleSystems":true},"in2DMode":false,"pivot":{"x":-0.7893812656402588,"y":0.5162596702575684,"z":-4.153287887573242},"rotation":{"x":-0.003623222466558218,"y":0.9892958402633667,"z":-0.14376451075077058,"w":-0.02493455819785595},"size":12.04144287109375,"orthographic":false}