{"cameraMode":{"drawMode":0,"name":"Shaded","section":"Shading Mode"},"sceneLighting":true,"audioPlay":false,"sceneViewState":{"showFog":true,"showMaterialUpdate":false,"showSkybox":true,"showFlares":true,"showImageEffects":true,"showParticleSystems":true},"in2DMode":false,"pivot":{"x":-8.861499786376954,"y":-7.360464096069336,"z":12.301097869873047},"rotation":{"x":0.20261526107788087,"y":-0.17231371998786927,"z":0.036242254078388217,"w":0.9633094668388367},"size":15.529645919799805,"orthographic":false}